phase,run_id,fixture_id,fixture_class,seed,variant,status,process_score,depth,breadth,goal_preservation,investigation_discipline,narrowing_harm,hard_failure,soft_failure,failure_class,judge_id,unique_source_refs,tool_commands,facet_coverage_rate,repetition_jaccard,generated_as_source_incidents,contamination_flag,raw_process_score,raw_facet_coverage_rate,raw_generated_as_source_incidents,scorer_mask_applied,scorer_mask_score_delta
pilot,pilot-F01-S0-current-seed-9001-attempt-1,F01,broad-open,9001,S0-current,completed,94.0000,30.0000,25.0000,24.0000,15.0000,2,0,0,,deterministic-process-scorer-v1,14,60,1.0000,0.2082,0,0,94.0000,1.0000,0,1,0.0000
pilot,pilot-F01-S0-current-seed-9002-attempt-1,F01,broad-open,9002,S0-current,completed,92.7500,30.0000,23.7500,24.0000,15.0000,2,0,0,,deterministic-process-scorer-v1,14,60,1.0000,0.2227,0,0,92.7500,1.0000,0,1,0.0000
pilot,pilot-F01-S1-layered-seed-9001-attempt-1,F01,broad-open,9001,S1-layered,completed,96.0000,30.0000,25.0000,26.0000,15.0000,2,0,0,,deterministic-process-scorer-v1,14,72,1.0000,0.2314,0,0,96.0000,1.0000,0,0,0.0000
pilot,pilot-F01-S1-layered-seed-9002-attempt-1,F01,broad-open,9002,S1-layered,completed,98.0000,30.0000,25.0000,28.0000,15.0000,1,0,0,,deterministic-process-scorer-v1,14,82,1.0000,0.2092,0,0,98.0000,1.0000,0,0,0.0000
pilot,pilot-F04-S0-current-seed-9001-attempt-1,F04,narrow-directed,9001,S0-current,completed,96.2500,30.0000,21.2500,30.0000,15.0000,,0,0,,deterministic-process-scorer-v1,15,94,1.0000,0.2250,0,0,96.2500,1.0000,0,1,0.0000
pilot,pilot-F04-S0-current-seed-9002-attempt-1,F04,narrow-directed,9002,S0-current,completed,98.2500,30.0000,23.2500,30.0000,15.0000,,0,0,,deterministic-process-scorer-v1,15,72,1.0000,0.1828,0,0,98.2500,1.0000,0,1,0.0000
pilot,pilot-F04-S1-layered-seed-9001-attempt-1,F04,narrow-directed,9001,S1-layered,completed,99.5219,30.0000,25.0000,30.0000,14.5219,,0,0,,deterministic-process-scorer-v1,17,46,1.0000,0.2639,0,0,99.5219,1.0000,0,1,0.0000
pilot,pilot-F04-S1-layered-seed-9002-attempt-1,F04,narrow-directed,9002,S1-layered,completed,93.4810,30.0000,20.5000,28.0000,14.9810,,0,0,,deterministic-process-scorer-v1,14,100,1.0000,0.2410,0,0,93.4810,1.0000,0,1,0.0000
pilot,pilot-F06-S0-current-seed-9001-attempt-1,F06,ambiguous-intent,9001,S0-current,completed,98.7500,30.0000,23.7500,30.0000,15.0000,,0,0,,deterministic-process-scorer-v1,11,32,1.0000,0.2184,0,0,98.7500,1.0000,0,0,0.0000
pilot,pilot-F06-S0-current-seed-9002-attempt-1,F06,ambiguous-intent,9002,S0-current,completed,94.5500,27.8000,23.7500,28.0000,15.0000,,0,0,,deterministic-process-scorer-v1,9,32,1.0000,0.2366,0,0,94.5500,1.0000,0,1,0.0000
pilot,pilot-F06-S1-layered-seed-9001-attempt-1,F06,ambiguous-intent,9001,S1-layered,completed,99.1172,30.0000,25.0000,30.0000,14.1172,,0,0,,deterministic-process-scorer-v1,11,64,1.0000,0.2841,0,0,99.1172,1.0000,0,0,0.0000
pilot,pilot-F06-S1-layered-seed-9002-attempt-1,F06,ambiguous-intent,9002,S1-layered,completed,99.4000,29.4000,25.0000,30.0000,15.0000,,0,0,,deterministic-process-scorer-v1,9,40,1.0000,0.2395,0,0,99.4000,1.0000,0,0,0.0000
pilot,pilot-F08-S0-current-seed-9001-attempt-1,F08,source-conflict,9001,S0-current,completed,91.7275,30.0000,23.7500,24.0000,13.9775,,0,0,,deterministic-process-scorer-v1,10,42,1.0000,0.2911,0,0,91.7275,1.0000,0,0,0.0000
pilot,pilot-F08-S0-current-seed-9002-attempt-1,F08,source-conflict,9002,S0-current,completed,91.1920,27.8000,23.7500,26.0000,13.6420,,0,0,,deterministic-process-scorer-v1,9,32,1.0000,0.3079,0,0,91.1920,1.0000,0,0,0.0000
pilot,pilot-F08-S1-layered-seed-9001-attempt-1,F08,source-conflict,9001,S1-layered,completed,91.4342,30.0000,23.7500,24.0000,13.6842,,0,0,,deterministic-process-scorer-v1,11,30,1.0000,0.3058,0,0,91.4342,1.0000,0,0,0.0000
pilot,pilot-F08-S1-layered-seed-9002-attempt-1,F08,source-conflict,9002,S1-layered,completed,89.6530,29.4000,22.5000,24.0000,13.7530,,0,0,,deterministic-process-scorer-v1,10,32,1.0000,0.3023,0,0,89.6530,1.0000,0,0,0.0000
smoke,smoke-F01-S0-current-seed-9901-attempt-1,F01,broad-open,9901,S0-current,completed,94.0000,30.0000,25.0000,24.0000,15.0000,2,0,0,,deterministic-process-scorer-v1,16,39,1.0000,0.2141,0,0,94.0000,1.0000,0,0,0.0000
smoke,smoke-F01-S1-layered-seed-9901-attempt-1,F01,broad-open,9901,S1-layered,completed,100.0000,30.0000,25.0000,30.0000,15.0000,0,0,0,,deterministic-process-scorer-v1,16,27,1.0000,0.1969,0,0,100.0000,1.0000,0,1,0.0000
primary,primary-F01-S0-current-seed-0001-attempt-1,F01,broad-open,0001,S0-current,completed,96.0000,30.0000,25.0000,26.0000,15.0000,2,0,0,,deterministic-process-scorer-v1,14,21,1.0000,0.2079,0,0,96.0000,1.0000,0,0,0.0000
primary,primary-F01-S0-current-seed-0002-attempt-1,F01,broad-open,0002,S0-current,completed,94.0000,30.0000,25.0000,24.0000,15.0000,2,0,0,,deterministic-process-scorer-v1,16,23,1.0000,0.1805,0,0,94.0000,1.0000,0,1,0.0000
primary,primary-F01-S0-current-seed-0003-attempt-1,F01,broad-open,0003,S0-current,completed,94.0000,30.0000,25.0000,24.0000,15.0000,2,0,0,,deterministic-process-scorer-v1,12,21,1.0000,0.1758,0,0,94.0000,1.0000,0,0,0.0000
primary,primary-F01-S0-current-seed-0004-attempt-1,F01,broad-open,0004,S0-current,completed,92.7500,30.0000,23.7500,24.0000,15.0000,2,0,0,,deterministic-process-scorer-v1,14,26,1.0000,0.1841,0,0,92.7500,1.0000,0,0,0.0000
primary,primary-F01-S0-current-seed-0005-attempt-1,F01,broad-open,0005,S0-current,completed,98.0000,30.0000,25.0000,28.0000,15.0000,1,0,0,,deterministic-process-scorer-v1,14,25,1.0000,0.2138,0,0,98.0000,1.0000,0,1,0.0000
primary,primary-F01-S1-layered-seed-0001-attempt-1,F01,broad-open,0001,S1-layered,completed,96.7500,30.0000,23.7500,28.0000,15.0000,1,0,0,,deterministic-process-scorer-v1,14,22,1.0000,0.1595,0,0,96.7500,1.0000,0,0,0.0000
primary,primary-F01-S1-layered-seed-0002-attempt-1,F01,broad-open,0002,S1-layered,completed,94.7500,30.0000,23.7500,26.0000,15.0000,2,0,0,,deterministic-process-scorer-v1,14,24,1.0000,0.2192,0,0,94.7500,1.0000,0,0,0.0000
primary,primary-F01-S1-layered-seed-0003-attempt-1,F01,broad-open,0003,S1-layered,completed,100.0000,30.0000,25.0000,30.0000,15.0000,0,0,0,,deterministic-process-scorer-v1,12,29,1.0000,0.1881,0,0,100.0000,1.0000,0,0,0.0000
primary,primary-F01-S1-layered-seed-0004-attempt-1,F01,broad-open,0004,S1-layered,completed,98.0000,30.0000,25.0000,28.0000,15.0000,1,0,0,,deterministic-process-scorer-v1,14,36,1.0000,0.2024,0,0,98.0000,1.0000,0,0,0.0000
primary,primary-F01-S1-layered-seed-0005-attempt-1,F01,broad-open,0005,S1-layered,completed,94.0000,30.0000,25.0000,24.0000,15.0000,2,0,0,,deterministic-process-scorer-v1,14,26,1.0000,0.2021,0,0,94.0000,1.0000,0,1,0.0000
primary,primary-F02-S0-current-seed-0001-attempt-1,F02,broad-open,0001,S0-current,completed,92.4000,28.4000,25.0000,24.0000,15.0000,2,0,0,,deterministic-process-scorer-v1,12,11,1.0000,0.1707,0,0,92.4000,1.0000,0,1,0.0000
primary,primary-F02-S0-current-seed-0002-attempt-1,F02,broad-open,0002,S0-current,completed,92.0000,28.0000,25.0000,24.0000,15.0000,2,0,0,,deterministic-process-scorer-v1,10,25,1.0000,0.1910,0,0,92.0000,1.0000,0,1,0.0000
primary,primary-F02-S0-current-seed-0003-attempt-1,F02,broad-open,0003,S0-current,completed,92.8000,28.8000,25.0000,24.0000,15.0000,2,0,0,,deterministic-process-scorer-v1,9,37,1.0000,0.1949,0,0,92.8000,1.0000,0,1,0.0000
primary,primary-F02-S0-current-seed-0004-attempt-1,F02,broad-open,0004,S0-current,completed,82.2000,14.2000,25.0000,28.0000,15.0000,1,0,0,,deterministic-process-scorer-v1,3,12,1.0000,0.1508,0,0,82.2000,1.0000,0,1,0.0000
primary,primary-F02-S0-current-seed-0005-attempt-1,F02,broad-open,0005,S0-current,completed,92.8000,28.8000,25.0000,24.0000,15.0000,2,0,0,,deterministic-process-scorer-v1,10,29,1.0000,0.2244,0,0,92.8000,1.0000,0,1,0.0000
primary,primary-F02-S1-layered-seed-0001-attempt-1,F02,broad-open,0001,S1-layered,completed,81.4335,13.2000,23.2500,30.0000,14.9835,0,0,0,,deterministic-process-scorer-v1,3,7,1.0000,0.2408,0,0,81.4335,1.0000,0,0,0.0000
primary,primary-F02-S1-layered-seed-0002-attempt-1,F02,broad-open,0002,S1-layered,completed,98.7500,30.0000,23.7500,30.0000,15.0000,0,0,0,,deterministic-process-scorer-v1,12,19,1.0000,0.1641,0,0,98.7500,1.0000,0,1,0.0000
primary,primary-F02-S1-layered-seed-0003-attempt-1,F02,broad-open,0003,S1-layered,completed,91.5500,28.8000,23.7500,24.0000,15.0000,2,0,0,,deterministic-process-scorer-v1,11,21,1.0000,0.1782,0,0,91.5500,1.0000,0,0,0.0000
primary,primary-F02-S1-layered-seed-0004-attempt-1,F02,broad-open,0004,S1-layered,completed,91.9500,27.2000,23.7500,26.0000,15.0000,2,0,0,,deterministic-process-scorer-v1,10,21,1.0000,0.1948,0,0,91.9500,1.0000,0,0,0.0000
primary,primary-F02-S1-layered-seed-0005-attempt-1,F02,broad-open,0005,S1-layered,completed,75.9500,13.2000,23.7500,24.0000,15.0000,2,0,0,,deterministic-process-scorer-v1,3,7,1.0000,0.1544,0,0,75.9500,1.0000,0,0,0.0000
primary,primary-F03-S0-current-seed-0001-attempt-1,F03,broad-open,0001,S0-current,completed,91.5000,30.0000,22.5000,24.0000,15.0000,2,0,0,,deterministic-process-scorer-v1,14,22,1.0000,0.1999,0,0,91.5000,1.0000,0,0,0.0000
primary,primary-F03-S0-current-seed-0002-attempt-1,F03,broad-open,0002,S0-current,completed,93.0000,30.0000,24.0000,24.0000,15.0000,2,0,0,,deterministic-process-scorer-v1,12,31,1.0000,0.2114,0,0,93.0000,1.0000,0,0,0.0000
primary,primary-F03-S0-current-seed-0003-attempt-1,F03,broad-open,0003,S0-current,completed,92.7500,30.0000,23.7500,24.0000,15.0000,2,0,0,,deterministic-process-scorer-v1,15,13,1.0000,0.2138,0,0,92.7500,1.0000,0,0,0.0000
primary,primary-F03-S0-current-seed-0004-attempt-1,F03,broad-open,0004,S0-current,completed,92.7500,30.0000,23.7500,24.0000,15.0000,2,0,0,,deterministic-process-scorer-v1,12,28,1.0000,0.2115,0,0,92.7500,1.0000,0,1,0.0000
primary,primary-F03-S0-current-seed-0005-attempt-1,F03,broad-open,0005,S0-current,completed,91.7500,29.0000,23.7500,24.0000,15.0000,2,0,0,,deterministic-process-scorer-v1,11,22,1.0000,0.2070,0,0,91.7500,1.0000,0,1,0.0000
primary,primary-F03-S1-layered-seed-0001-attempt-1,F03,broad-open,0001,S1-layered,completed,91.3500,28.6000,23.7500,24.0000,15.0000,2,0,0,,deterministic-process-scorer-v1,12,12,1.0000,0.2367,0,0,91.3500,1.0000,0,1,0.0000
primary,primary-F03-S1-layered-seed-0002-attempt-1,F03,broad-open,0002,S1-layered,completed,92.5000,30.0000,23.5000,24.0000,15.0000,2,0,0,,deterministic-process-scorer-v1,13,29,1.0000,0.2184,0,0,92.5000,1.0000,0,1,0.0000
primary,primary-F03-S1-layered-seed-0003-attempt-1,F03,broad-open,0003,S1-layered,completed,94.0000,30.0000,25.0000,24.0000,15.0000,2,0,0,,deterministic-process-scorer-v1,13,25,1.0000,0.2232,0,0,94.0000,1.0000,0,1,0.0000
primary,primary-F03-S1-layered-seed-0004-attempt-1,F03,broad-open,0004,S1-layered,completed,92.3374,30.0000,23.7500,24.0000,14.5874,2,0,0,,deterministic-process-scorer-v1,13,24,1.0000,0.2606,0,0,92.3374,1.0000,0,0,0.0000
primary,primary-F03-S1-layered-seed-0005-attempt-1,F03,broad-open,0005,S1-layered,completed,93.3286,30.0000,24.5000,24.0000,14.8286,2,0,0,,deterministic-process-scorer-v1,15,32,1.0000,0.2486,0,0,93.3286,1.0000,0,0,0.0000
primary,primary-F04-S0-current-seed-0001-attempt-1,F04,narrow-directed,0001,S0-current,completed,97.5000,30.0000,22.5000,30.0000,15.0000,,0,0,,deterministic-process-scorer-v1,17,38,1.0000,0.2044,0,0,97.5000,1.0000,0,0,0.0000
primary,primary-F04-S0-current-seed-0002-attempt-1,F04,narrow-directed,0002,S0-current,completed,97.0406,30.0000,22.5000,30.0000,14.5406,,0,0,,deterministic-process-scorer-v1,15,43,1.0000,0.2630,0,0,97.0406,1.0000,0,1,0.0000
primary,primary-F04-S0-current-seed-0003-attempt-1,F04,narrow-directed,0003,S0-current,completed,96.5000,30.0000,23.5000,28.0000,15.0000,,0,0,,deterministic-process-scorer-v1,15,50,1.0000,0.1917,0,0,96.5000,1.0000,0,1,0.0000
primary,primary-F04-S0-current-seed-0004-attempt-1,F04,narrow-directed,0004,S0-current,completed,98.0000,30.0000,23.0000,30.0000,15.0000,,0,0,,deterministic-process-scorer-v1,18,46,1.0000,0.1897,0,0,98.0000,1.0000,0,1,0.0000
primary,primary-F04-S0-current-seed-0005-attempt-1,F04,narrow-directed,0005,S0-current,completed,98.7500,30.0000,23.7500,30.0000,15.0000,,0,0,,deterministic-process-scorer-v1,15,47,1.0000,0.2336,0,0,98.7500,1.0000,0,1,0.0000
primary,primary-F04-S1-layered-seed-0001-attempt-1,F04,narrow-directed,0001,S1-layered,completed,97.5000,30.0000,22.5000,30.0000,15.0000,,0,0,,deterministic-process-scorer-v1,15,40,1.0000,0.2342,0,0,97.5000,1.0000,0,1,0.0000
primary,primary-F04-S1-layered-seed-0002-attempt-1,F04,narrow-directed,0002,S1-layered,completed,96.7500,30.0000,23.7500,28.0000,15.0000,,0,0,,deterministic-process-scorer-v1,14,52,1.0000,0.2393,0,0,96.7500,1.0000,0,1,0.0000
primary,primary-F04-S1-layered-seed-0003-attempt-1,F04,narrow-directed,0003,S1-layered,completed,99.7500,30.0000,24.7500,30.0000,15.0000,,0,0,,deterministic-process-scorer-v1,14,37,1.0000,0.1715,0,0,99.7500,1.0000,0,1,0.0000
primary,primary-F04-S1-layered-seed-0004-attempt-1,F04,narrow-directed,0004,S1-layered,completed,95.3727,30.0000,20.5000,30.0000,14.8727,,0,0,,deterministic-process-scorer-v1,16,49,1.0000,0.2464,0,0,95.3727,1.0000,0,1,0.0000
primary,primary-F04-S1-layered-seed-0005-attempt-1,F04,narrow-directed,0005,S1-layered,completed,98.7159,30.0000,23.7500,30.0000,14.9659,,0,0,,deterministic-process-scorer-v1,17,61,1.0000,0.2417,0,0,98.7159,1.0000,0,1,0.0000
primary,primary-F05-S0-current-seed-0001-attempt-1,F05,narrow-directed,0001,S0-current,completed,82.6485,30.0000,20.5000,18.5000,13.6485,,0,0,,deterministic-process-scorer-v1,13,41,0.7500,0.3076,0,0,82.6485,0.7500,0,0,0.0000
primary,primary-F05-S0-current-seed-0002-attempt-1,F05,narrow-directed,0002,S0-current,completed,75.9782,10.2000,23.7500,28.0000,14.0282,,0,0,,deterministic-process-scorer-v1,1,8,1.0000,0.2886,0,0,75.9782,1.0000,0,0,0.0000
primary,primary-F05-S0-current-seed-0003-attempt-1,F05,narrow-directed,0003,S0-current,completed,90.0000,30.0000,20.5000,24.5000,15.0000,,0,0,,deterministic-process-scorer-v1,15,47,0.7500,0.2365,0,0,90.0000,0.7500,0,0,0.0000
primary,primary-F05-S0-current-seed-0004-attempt-1,F05,narrow-directed,0004,S0-current,completed,84.0000,30.0000,20.5000,18.5000,15.0000,,0,0,,deterministic-process-scorer-v1,13,32,0.7500,0.2366,0,0,84.0000,0.7500,0,0,0.0000
primary,primary-F05-S0-current-seed-0005-attempt-1,F05,narrow-directed,0005,S0-current,completed,84.0000,30.0000,20.5000,18.5000,15.0000,,0,0,,deterministic-process-scorer-v1,10,49,0.7500,0.2376,0,0,84.0000,0.7500,0,0,0.0000
primary,primary-F05-S1-layered-seed-0001-attempt-1,F05,narrow-directed,0001,S1-layered,completed,93.1730,30.0000,25.0000,24.0000,14.1730,,0,0,,deterministic-process-scorer-v1,13,37,1.0000,0.2813,0,0,93.1730,1.0000,0,0,0.0000
primary,primary-F05-S1-layered-seed-0002-attempt-1,F05,narrow-directed,0002,S1-layered,completed,94.0000,30.0000,25.0000,24.0000,15.0000,,0,0,,deterministic-process-scorer-v1,13,47,1.0000,0.2184,0,0,94.0000,1.0000,0,0,0.0000
primary,primary-F05-S1-layered-seed-0003-attempt-1,F05,narrow-directed,0003,S1-layered,completed,91.1488,30.0000,22.5000,24.0000,14.6488,,0,0,,deterministic-process-scorer-v1,15,35,1.0000,0.2576,0,0,91.1488,1.0000,0,0,0.0000
primary,primary-F05-S1-layered-seed-0004-attempt-1,F05,narrow-directed,0004,S1-layered,completed,92.3421,30.0000,23.7500,24.0000,14.5921,,0,0,,deterministic-process-scorer-v1,12,50,1.0000,0.2604,0,0,92.3421,1.0000,0,0,0.0000
primary,primary-F05-S1-layered-seed-0005-attempt-1,F05,narrow-directed,0005,S1-layered,completed,95.4785,29.0000,23.7500,28.0000,14.7285,,0,0,,deterministic-process-scorer-v1,10,30,1.0000,0.2536,0,0,95.4785,1.0000,0,0,0.0000
primary,primary-F06-S0-current-seed-0001-attempt-1,F06,ambiguous-intent,0001,S0-current,completed,76.2000,10.2000,25.0000,26.0000,15.0000,,0,0,,deterministic-process-scorer-v1,1,8,1.0000,0.2018,0,0,76.2000,1.0000,0,1,0.0000
primary,primary-F06-S0-current-seed-0002-attempt-1,F06,ambiguous-intent,0002,S0-current,completed,94.7747,27.0000,25.0000,28.0000,14.7747,,0,0,,deterministic-process-scorer-v1,9,28,1.0000,0.2513,0,0,94.7747,1.0000,0,0,0.0000
primary,primary-F06-S0-current-seed-0003-attempt-1,F06,ambiguous-intent,0003,S0-current,completed,98.6727,29.4000,25.0000,30.0000,14.2727,,0,0,,deterministic-process-scorer-v1,13,8,1.0000,0.2764,0,0,98.6727,1.0000,0,0,0.0000
primary,primary-F06-S0-current-seed-0004-attempt-1,F06,ambiguous-intent,0004,S0-current,completed,99.8831,30.0000,25.0000,30.0000,14.8831,,0,0,,deterministic-process-scorer-v1,12,27,1.0000,0.2458,0,0,99.8831,1.0000,0,0,0.0000
primary,primary-F06-S0-current-seed-0005-attempt-1,F06,ambiguous-intent,0005,S0-current,completed,100.0000,30.0000,25.0000,30.0000,15.0000,,0,0,,deterministic-process-scorer-v1,13,24,1.0000,0.2385,0,0,100.0000,1.0000,0,0,0.0000
primary,primary-F06-S1-layered-seed-0001-attempt-1,F06,ambiguous-intent,0001,S1-layered,completed,97.7004,30.0000,23.7500,30.0000,13.9504,,0,0,,deterministic-process-scorer-v1,13,22,1.0000,0.2925,0,0,97.7004,1.0000,0,0,0.0000
primary,primary-F06-S1-layered-seed-0002-attempt-1,F06,ambiguous-intent,0002,S1-layered,completed,78.6207,10.2000,24.2500,30.0000,14.1707,,0,0,,deterministic-process-scorer-v1,1,8,1.0000,0.2815,0,0,78.6207,1.0000,0,0,0.0000
primary,primary-F06-S1-layered-seed-0003-attempt-1,F06,ambiguous-intent,0003,S1-layered,completed,96.8326,29.0000,23.7500,30.0000,14.0826,,0,0,,deterministic-process-scorer-v1,11,22,1.0000,0.2859,0,0,96.8326,1.0000,0,0,0.0000
primary,primary-F06-S1-layered-seed-0004-attempt-1,F06,ambiguous-intent,0004,S1-layered,completed,81.1000,13.6000,22.5000,30.0000,15.0000,,0,0,,deterministic-process-scorer-v1,3,9,1.0000,0.2188,0,0,81.1000,1.0000,0,0,0.0000
primary,primary-F06-S1-layered-seed-0005-attempt-1,F06,ambiguous-intent,0005,S1-layered,completed,97.4000,29.4000,25.0000,28.0000,15.0000,,0,0,,deterministic-process-scorer-v1,11,24,1.0000,0.2193,0,0,97.4000,1.0000,0,1,0.0000
primary,primary-F07-S0-current-seed-0001-attempt-1,F07,ambiguous-intent,0001,S0-current,completed,97.9873,30.0000,23.7500,30.0000,14.2373,,0,0,,deterministic-process-scorer-v1,15,44,1.0000,0.2781,0,0,97.9873,1.0000,0,0,0.0000
primary,primary-F07-S0-current-seed-0002-attempt-1,F07,ambiguous-intent,0002,S0-current,completed,96.5000,30.0000,21.5000,30.0000,15.0000,,0,0,,deterministic-process-scorer-v1,13,15,1.0000,0.2251,0,0,96.5000,1.0000,0,0,0.0000
primary,primary-F07-S0-current-seed-0003-attempt-1,F07,ambiguous-intent,0003,S0-current,completed,94.7124,30.0000,21.0000,30.0000,13.7124,,0,0,,deterministic-process-scorer-v1,17,38,1.0000,0.3044,0,0,94.7124,1.0000,0,0,0.0000
primary,primary-F07-S0-current-seed-0004-attempt-1,F07,ambiguous-intent,0004,S0-current,completed,97.5587,30.0000,23.0000,30.0000,14.5587,,0,0,,deterministic-process-scorer-v1,15,19,1.0000,0.2621,0,0,97.5587,1.0000,0,0,0.0000
primary,primary-F07-S0-current-seed-0005-attempt-1,F07,ambiguous-intent,0005,S0-current,completed,96.9502,30.0000,22.5000,30.0000,14.4502,,0,0,,deterministic-process-scorer-v1,14,28,1.0000,0.2675,0,0,96.9502,1.0000,0,0,0.0000
primary,primary-F07-S1-layered-seed-0001-attempt-1,F07,ambiguous-intent,0001,S1-layered,completed,94.4823,30.0000,20.7500,30.0000,13.7323,,0,0,,deterministic-process-scorer-v1,13,31,1.0000,0.3034,0,0,94.4823,1.0000,0,0,0.0000
primary,primary-F07-S1-layered-seed-0002-attempt-1,F07,ambiguous-intent,0002,S1-layered,completed,96.6515,30.0000,22.2500,30.0000,14.4015,,0,0,,deterministic-process-scorer-v1,12,25,1.0000,0.2699,0,0,96.6515,1.0000,0,0,0.0000
primary,primary-F07-S1-layered-seed-0003-attempt-1,F07,ambiguous-intent,0003,S1-layered,completed,94.0696,30.0000,19.7500,30.0000,14.3196,,0,0,,deterministic-process-scorer-v1,13,42,1.0000,0.2740,0,0,94.0696,1.0000,0,0,0.0000
primary,primary-F07-S1-layered-seed-0004-attempt-1,F07,ambiguous-intent,0004,S1-layered,completed,95.3849,30.0000,22.5000,30.0000,12.8849,,0,1,,deterministic-process-scorer-v1,13,39,1.0000,0.3458,0,0,95.3849,1.0000,0,0,0.0000
primary,primary-F07-S1-layered-seed-0005-attempt-1,F07,ambiguous-intent,0005,S1-layered,completed,99.9586,30.0000,25.0000,30.0000,14.9586,,0,0,,deterministic-process-scorer-v1,14,42,1.0000,0.2421,0,0,99.9586,1.0000,0,0,0.0000
primary,primary-F08-S0-current-seed-0001-attempt-1,F08,source-conflict,0001,S0-current,completed,94.8516,30.0000,25.0000,26.0000,13.8516,,0,0,,deterministic-process-scorer-v1,15,22,1.0000,0.2974,0,0,94.8516,1.0000,0,1,0.0000
primary,primary-F08-S0-current-seed-0002-attempt-1,F08,source-conflict,0002,S0-current,completed,94.1500,29.4000,23.7500,26.0000,15.0000,,0,0,,deterministic-process-scorer-v1,12,16,1.0000,0.1961,0,0,94.1500,1.0000,0,0,0.0000
primary,primary-F08-S0-current-seed-0003-attempt-1,F08,source-conflict,0003,S0-current,completed,88.0926,24.4000,23.7500,26.0000,13.9426,,0,0,,deterministic-process-scorer-v1,9,22,1.0000,0.2929,0,0,88.0926,1.0000,0,0,0.0000
primary,primary-F08-S0-current-seed-0004-attempt-1,F08,source-conflict,0004,S0-current,completed,90.2918,26.8000,25.0000,24.0000,14.4918,,0,0,,deterministic-process-scorer-v1,10,19,1.0000,0.2654,0,0,90.2918,1.0000,0,0,0.0000
primary,primary-F08-S0-current-seed-0005-attempt-1,F08,source-conflict,0005,S0-current,completed,90.0131,28.4000,23.0000,24.0000,14.6131,,0,0,,deterministic-process-scorer-v1,11,19,1.0000,0.2593,0,0,90.0131,1.0000,0,0,0.0000
primary,primary-F08-S1-layered-seed-0001-attempt-1,F08,source-conflict,0001,S1-layered,completed,89.6500,23.4000,23.2500,28.0000,15.0000,,0,0,,deterministic-process-scorer-v1,9,10,1.0000,0.2224,0,0,89.6500,1.0000,0,0,0.0000
primary,primary-F08-S1-layered-seed-0002-attempt-1,F08,source-conflict,0002,S1-layered,completed,89.1900,26.0000,23.7500,26.0000,13.4400,,0,0,,deterministic-process-scorer-v1,9,23,1.0000,0.3180,0,0,89.1900,1.0000,0,0,0.0000
primary,primary-F08-S1-layered-seed-0003-attempt-1,F08,source-conflict,0003,S1-layered,completed,90.5369,23.6000,24.5000,28.0000,14.4369,,0,0,,deterministic-process-scorer-v1,9,11,1.0000,0.2682,0,0,90.5369,1.0000,0,0,0.0000
primary,primary-F08-S1-layered-seed-0004-attempt-1,F08,source-conflict,0004,S1-layered,completed,87.6802,24.4000,22.5000,28.0000,12.7802,,0,1,,deterministic-process-scorer-v1,9,15,1.0000,0.3510,0,0,87.6802,1.0000,0,0,0.0000
primary,primary-F08-S1-layered-seed-0005-attempt-1,F08,source-conflict,0005,S1-layered,completed,94.8786,26.0000,25.0000,30.0000,13.8786,,0,0,,deterministic-process-scorer-v1,9,23,1.0000,0.2961,0,0,94.8786,1.0000,0,0,0.0000
primary,primary-F09-S0-current-seed-0001-attempt-1,F09,source-conflict,0001,S0-current,completed,92.7500,30.0000,23.7500,24.0000,15.0000,,0,0,,deterministic-process-scorer-v1,11,31,1.0000,0.2174,0,0,92.7500,1.0000,0,1,0.0000
primary,primary-F09-S0-current-seed-0002-attempt-1,F09,source-conflict,0002,S0-current,completed,92.3192,30.0000,23.7500,24.0000,14.5692,,0,0,,deterministic-process-scorer-v1,11,27,1.0000,0.2615,0,0,92.3192,1.0000,0,0,0.0000
primary,primary-F09-S0-current-seed-0003-attempt-1,F09,source-conflict,0003,S0-current,completed,90.4768,29.0000,23.5000,24.0000,13.9768,,0,0,,deterministic-process-scorer-v1,10,30,1.0000,0.2912,0,0,90.4768,1.0000,0,0,0.0000
primary,primary-F09-S0-current-seed-0004-attempt-1,F09,source-conflict,0004,S0-current,completed,92.2500,30.0000,23.2500,24.0000,15.0000,,0,0,,deterministic-process-scorer-v1,11,38,1.0000,0.2264,0,0,92.2500,1.0000,0,1,0.0000
primary,primary-F09-S0-current-seed-0005-attempt-1,F09,source-conflict,0005,S0-current,completed,92.5500,29.8000,23.7500,24.0000,15.0000,,0,0,,deterministic-process-scorer-v1,11,26,1.0000,0.2208,0,0,92.5500,1.0000,0,1,0.0000
primary,primary-F09-S1-layered-seed-0001-attempt-1,F09,source-conflict,0001,S1-layered,completed,92.7500,30.0000,23.7500,24.0000,15.0000,,0,0,,deterministic-process-scorer-v1,12,38,1.0000,0.2394,0,0,92.7500,1.0000,0,1,0.0000
primary,primary-F09-S1-layered-seed-0002-attempt-1,F09,source-conflict,0002,S1-layered,completed,91.3986,29.2000,23.7500,24.0000,14.4486,,0,0,,deterministic-process-scorer-v1,10,31,1.0000,0.2676,0,0,91.3986,1.0000,0,0,0.0000
primary,primary-F09-S1-layered-seed-0003-attempt-1,F09,source-conflict,0003,S1-layered,completed,90.2500,28.0000,23.2500,24.0000,15.0000,,0,0,,deterministic-process-scorer-v1,10,25,1.0000,0.2319,0,0,90.2500,1.0000,0,0,0.0000
primary,primary-F09-S1-layered-seed-0004-attempt-1,F09,source-conflict,0004,S1-layered,completed,90.9000,28.4000,23.5000,24.0000,15.0000,,0,0,,deterministic-process-scorer-v1,10,27,1.0000,0.2267,0,0,90.9000,1.0000,0,0,0.0000
primary,primary-F09-S1-layered-seed-0005-attempt-1,F09,source-conflict,0005,S1-layered,completed,91.8500,29.6000,23.2500,24.0000,15.0000,,0,0,,deterministic-process-scorer-v1,10,33,1.0000,0.2175,0,0,91.8500,1.0000,0,0,0.0000
primary,primary-F10-S0-current-seed-0001-attempt-1,F10,code-or-architecture,0001,S0-current,completed,98.7500,30.0000,23.7500,30.0000,15.0000,,0,0,,deterministic-process-scorer-v1,17,48,1.0000,0.1939,0,0,98.7500,1.0000,0,1,0.0000
primary,primary-F10-S0-current-seed-0002-attempt-1,F10,code-or-architecture,0002,S0-current,completed,97.3831,30.0000,23.0000,30.0000,14.3831,,0,0,,deterministic-process-scorer-v1,16,60,1.0000,0.2708,0,0,97.3831,1.0000,0,1,0.0000
primary,primary-F10-S0-current-seed-0003-attempt-1,F10,code-or-architecture,0003,S0-current,completed,98.6507,30.0000,24.2500,30.0000,14.4007,,0,0,,deterministic-process-scorer-v1,18,54,1.0000,0.2700,0,0,98.6507,1.0000,0,0,0.0000
primary,primary-F10-S0-current-seed-0004-attempt-1,F10,code-or-architecture,0004,S0-current,completed,96.6131,30.0000,22.2500,30.0000,14.3631,,0,0,,deterministic-process-scorer-v1,16,64,1.0000,0.2718,0,0,96.6131,1.0000,0,1,0.0000
primary,primary-F10-S0-current-seed-0005-attempt-1,F10,code-or-architecture,0005,S0-current,completed,97.4234,30.0000,23.0000,30.0000,14.4234,,0,0,,deterministic-process-scorer-v1,17,54,1.0000,0.2688,0,0,97.4234,1.0000,0,1,0.0000
primary,primary-F10-S1-layered-seed-0001-attempt-1,F10,code-or-architecture,0001,S1-layered,completed,93.1558,30.0000,23.5000,26.0000,13.6558,,0,0,,deterministic-process-scorer-v1,19,59,1.0000,0.3072,0,0,93.1558,1.0000,0,1,0.0000
primary,primary-F10-S1-layered-seed-0002-attempt-1,F10,code-or-architecture,0002,S1-layered,completed,91.1487,30.0000,22.5000,24.0000,14.6487,,0,0,,deterministic-process-scorer-v1,17,64,1.0000,0.2576,0,0,91.1487,1.0000,0,1,0.0000
primary,primary-F10-S1-layered-seed-0003-attempt-1,F10,code-or-architecture,0003,S1-layered,completed,99.0167,30.0000,25.0000,30.0000,14.0167,,0,0,,deterministic-process-scorer-v1,19,65,1.0000,0.2892,0,0,99.0167,1.0000,0,1,0.0000
primary,primary-F10-S1-layered-seed-0004-attempt-1,F10,code-or-architecture,0004,S1-layered,completed,98.2726,30.0000,23.7500,30.0000,14.5226,,0,0,,deterministic-process-scorer-v1,18,70,1.0000,0.2639,0,0,98.2726,1.0000,0,1,0.0000
primary,primary-F10-S1-layered-seed-0005-attempt-1,F10,code-or-architecture,0005,S1-layered,completed,91.0659,30.0000,23.0000,24.0000,14.0659,,0,0,,deterministic-process-scorer-v1,17,50,1.0000,0.2867,0,0,91.0659,1.0000,0,1,0.0000
primary,primary-F11-S0-current-seed-0001-attempt-1,F11,code-or-architecture,0001,S0-current,completed,99.2095,30.0000,25.0000,30.0000,14.2095,,0,0,,deterministic-process-scorer-v1,13,42,1.0000,0.2795,0,0,99.2095,1.0000,0,0,0.0000
primary,primary-F11-S0-current-seed-0002-attempt-1,F11,code-or-architecture,0002,S0-current,completed,96.5132,30.0000,22.5000,30.0000,14.0132,,0,0,,deterministic-process-scorer-v1,12,41,1.0000,0.2893,0,0,96.5132,1.0000,0,1,0.0000
primary,primary-F11-S0-current-seed-0003-attempt-1,F11,code-or-architecture,0003,S0-current,completed,97.8546,30.0000,23.7500,30.0000,14.1046,,0,0,,deterministic-process-scorer-v1,12,41,1.0000,0.2848,0,0,97.8546,1.0000,0,0,0.0000
primary,primary-F11-S0-current-seed-0004-attempt-1,F11,code-or-architecture,0004,S0-current,completed,92.1310,25.6000,23.7500,28.0000,14.7810,,0,0,,deterministic-process-scorer-v1,10,13,1.0000,0.2510,0,0,92.1310,1.0000,0,0,0.0000
primary,primary-F11-S0-current-seed-0005-attempt-1,F11,code-or-architecture,0005,S0-current,completed,99.7404,30.0000,25.0000,30.0000,14.7404,,0,0,,deterministic-process-scorer-v1,12,45,1.0000,0.2530,0,0,99.7404,1.0000,0,0,0.0000
primary,primary-F11-S1-layered-seed-0001-attempt-1,F11,code-or-architecture,0001,S1-layered,completed,96.6569,30.0000,22.5000,30.0000,14.1569,,0,0,,deterministic-process-scorer-v1,14,45,1.0000,0.2822,0,0,96.6569,1.0000,0,0,0.0000
primary,primary-F11-S1-layered-seed-0002-attempt-1,F11,code-or-architecture,0002,S1-layered,completed,98.0106,30.0000,23.7500,30.0000,14.2606,,0,0,,deterministic-process-scorer-v1,14,44,1.0000,0.2770,0,0,98.0106,1.0000,0,0,0.0000
primary,primary-F11-S1-layered-seed-0003-attempt-1,F11,code-or-architecture,0003,S1-layered,completed,97.0804,29.8000,23.7500,30.0000,13.5304,,0,0,,deterministic-process-scorer-v1,10,34,1.0000,0.3135,0,0,97.0804,1.0000,0,1,0.0000
primary,primary-F11-S1-layered-seed-0004-attempt-1,F11,code-or-architecture,0004,S1-layered,completed,98.0499,30.0000,23.7500,30.0000,14.2999,,0,0,,deterministic-process-scorer-v1,14,40,1.0000,0.2750,0,0,98.0499,1.0000,0,0,0.0000
primary,primary-F11-S1-layered-seed-0005-attempt-1,F11,code-or-architecture,0005,S1-layered,completed,97.5019,30.0000,23.7500,30.0000,13.7519,,0,0,,deterministic-process-scorer-v1,13,43,1.0000,0.3024,0,0,97.5019,1.0000,0,0,0.0000
primary,primary-F12-S0-current-seed-0001-attempt-1,F12,thin-source,0001,S0-current,completed,91.7500,25.0000,23.7500,28.0000,15.0000,,0,0,,deterministic-process-scorer-v1,8,26,1.0000,0.2256,0,0,91.7500,1.0000,0,0,0.0000
primary,primary-F12-S0-current-seed-0002-attempt-1,F12,thin-source,0002,S0-current,completed,77.6000,11.6000,25.0000,26.0000,15.0000,,0,0,,deterministic-process-scorer-v1,2,7,1.0000,0.1416,0,0,77.6000,1.0000,0,1,0.0000
primary,primary-F12-S0-current-seed-0003-attempt-1,F12,thin-source,0003,S0-current,completed,90.7500,25.0000,22.7500,28.0000,15.0000,,0,0,,deterministic-process-scorer-v1,8,26,1.0000,0.2177,0,0,90.7500,1.0000,0,1,0.0000
primary,primary-F12-S0-current-seed-0004-attempt-1,F12,thin-source,0004,S0-current,completed,86.9500,22.2000,23.7500,26.0000,15.0000,,0,0,,deterministic-process-scorer-v1,7,20,1.0000,0.1626,0,0,86.9500,1.0000,0,1,0.0000
primary,primary-F12-S0-current-seed-0005-attempt-1,F12,thin-source,0005,S0-current,completed,80.3000,13.8000,21.5000,30.0000,15.0000,,0,0,,deterministic-process-scorer-v1,2,18,1.0000,0.2297,0,0,80.3000,1.0000,0,0,0.0000
primary,primary-F12-S1-layered-seed-0001-attempt-1,F12,thin-source,0001,S1-layered,completed,79.7000,13.2000,21.5000,30.0000,15.0000,,0,0,,deterministic-process-scorer-v1,2,15,1.0000,0.1515,0,0,79.7000,1.0000,0,0,0.0000
primary,primary-F12-S1-layered-seed-0002-attempt-1,F12,thin-source,0002,S1-layered,completed,85.6404,24.0000,23.0000,24.0000,14.6404,,0,0,,deterministic-process-scorer-v1,8,21,1.0000,0.2580,0,0,85.6404,1.0000,0,1,0.0000
primary,primary-F12-S1-layered-seed-0003-attempt-1,F12,thin-source,0003,S1-layered,completed,92.9500,24.2000,23.7500,30.0000,15.0000,,0,0,,deterministic-process-scorer-v1,8,22,1.0000,0.2150,0,0,92.9500,1.0000,0,1,0.0000
primary,primary-F12-S1-layered-seed-0004-attempt-1,F12,thin-source,0004,S1-layered,completed,90.6342,23.0000,22.7500,30.0000,14.8842,,0,0,,deterministic-process-scorer-v1,7,24,1.0000,0.2458,0,0,90.6342,1.0000,0,0,0.0000
primary,primary-F12-S1-layered-seed-0005-attempt-1,F12,thin-source,0005,S1-layered,completed,92.5500,23.8000,23.7500,30.0000,15.0000,,0,0,,deterministic-process-scorer-v1,7,28,1.0000,0.1955,0,0,92.5500,1.0000,0,0,0.0000
