blind_id,run_id,mission_id,block_id,cell
bln_10c6f19b02920297,M1-C0G1M1-seed-0001-attempt-1,M1,M1,C0G1M1
bln_cb81519eba0cfe78,M1-C1G1M0-seed-0001-attempt-1,M1,M1,C1G1M0
bln_bce8cc8d957e313e,M1-C0G0M1-seed-0001-attempt-1,M1,M1,C0G0M1
bln_a010f413252ffa28,M1-C1G0M1-seed-0001-attempt-1,M1,M1,C1G0M1
bln_eccbc69a283e7edf,M1-C1G1M1-seed-0001-attempt-1,M1,M1,C1G1M1
bln_536c31612f8f9e6a,M1-C0G0M0-seed-0001-attempt-1,M1,M1,C0G0M0
bln_f006c5513180a418,M1-C1G0M0-seed-0001-attempt-1,M1,M1,C1G0M0
bln_4209c3195bb76372,M1-C0G1M0-seed-0001-attempt-1,M1,M1,C0G1M0
bln_643f7626f67fd5e3,M2-C1G0M1-seed-0002-attempt-1,M2,M2,C1G0M1
bln_5f4108493f6dfac0,M2-C0G1M1-seed-0002-attempt-1,M2,M2,C0G1M1
bln_f0f34d320dc8b568,M2-C1G0M0-seed-0002-attempt-1,M2,M2,C1G0M0
bln_3bcdbb29e55a9746,M2-C0G0M1-seed-0002-attempt-1,M2,M2,C0G0M1
bln_fd89622a58a1494c,M2-C0G1M0-seed-0002-attempt-1,M2,M2,C0G1M0
bln_6853bc6e58a762bc,M2-C1G1M0-seed-0002-attempt-1,M2,M2,C1G1M0
bln_71042a6b04a728c5,M2-C1G1M1-seed-0002-attempt-1,M2,M2,C1G1M1
bln_68d7cc4990a5d68a,M2-C0G0M0-seed-0002-attempt-1,M2,M2,C0G0M0
bln_70b503e15aa41c87,M3-C0G0M0-seed-0003-attempt-1,M3,M3,C0G0M0
bln_e4901f98537bacdb,M3-C1G0M1-seed-0003-attempt-1,M3,M3,C1G0M1
bln_8c3d08043b8e2ade,M3-C1G1M1-seed-0003-attempt-1,M3,M3,C1G1M1
bln_8a6d9100fc4a3515,M3-C0G1M0-seed-0003-attempt-1,M3,M3,C0G1M0
bln_a7f831031b20604f,M3-C0G0M1-seed-0003-attempt-1,M3,M3,C0G0M1
bln_febf47c3c8cf131b,M3-C1G1M0-seed-0003-attempt-1,M3,M3,C1G1M0
bln_5144ef60c7102f30,M3-C1G0M0-seed-0003-attempt-1,M3,M3,C1G0M0
bln_614163817d5dfd95,M3-C0G1M1-seed-0003-attempt-1,M3,M3,C0G1M1
bln_40d728b685ca5f3a,M4-C0G0M1-seed-0004-attempt-1,M4,M4,C0G0M1
bln_77a670a8d39aa2af,M4-C1G1M0-seed-0004-attempt-1,M4,M4,C1G1M0
bln_c5eb87cbb7f984d0,M4-C1G0M1-seed-0004-attempt-1,M4,M4,C1G0M1
bln_cc6293aedc39e1f6,M4-C1G0M0-seed-0004-attempt-1,M4,M4,C1G0M0
bln_c8c0ed0cdb350037,M4-C1G1M1-seed-0004-attempt-1,M4,M4,C1G1M1
bln_3785c56f97dfb5b9,M4-C0G0M0-seed-0004-attempt-1,M4,M4,C0G0M0
bln_16dead33a1925808,M4-C0G1M0-seed-0004-attempt-1,M4,M4,C0G1M0
bln_005840a7f16fe3c3,M4-C0G1M1-seed-0004-attempt-1,M4,M4,C0G1M1
bln_d6fa142904ec4bd4,M5-C1G1M0-seed-0005-attempt-1,M5,M5,C1G1M0
bln_163d8b11f3308778,M5-C0G1M1-seed-0005-attempt-1,M5,M5,C0G1M1
bln_5df16978f46272a4,M5-C0G0M1-seed-0005-attempt-1,M5,M5,C0G0M1
bln_ca6fb38d3b7e7621,M5-C0G0M0-seed-0005-attempt-1,M5,M5,C0G0M0
bln_cd7b6c3af274c4d7,M5-C1G1M1-seed-0005-attempt-1,M5,M5,C1G1M1
bln_1fb938d017487740,M5-C0G1M0-seed-0005-attempt-1,M5,M5,C0G1M0
bln_0aa747caf9d58684,M5-C1G0M1-seed-0005-attempt-1,M5,M5,C1G0M1
bln_992f4b70bfe38f38,M5-C1G0M0-seed-0005-attempt-1,M5,M5,C1G0M0
bln_174e09baddaafccc,M6-C1G0M1-seed-0006-attempt-1,M6,M6,C1G0M1
bln_dad585a9a350c172,M6-C1G1M1-seed-0006-attempt-1,M6,M6,C1G1M1
bln_60019f34f61e56ba,M6-C1G1M0-seed-0006-attempt-1,M6,M6,C1G1M0
bln_6ef9bac054c0032f,M6-C1G0M0-seed-0006-attempt-1,M6,M6,C1G0M0
bln_9c116ef869087df7,M6-C0G0M0-seed-0006-attempt-1,M6,M6,C0G0M0
bln_37de7e09ba08169a,M6-C0G1M0-seed-0006-attempt-1,M6,M6,C0G1M0
bln_ff79ef72965bc2d5,M6-C0G1M1-seed-0006-attempt-1,M6,M6,C0G1M1
bln_c78a8b801741a21b,M6-C0G0M1-seed-0006-attempt-1,M6,M6,C0G0M1
bln_6da298934fd03163,M7-C1G1M0-seed-0007-attempt-1,M7,M7,C1G1M0
bln_32bcdbf3c2f9fcf6,M7-C1G1M1-seed-0007-attempt-1,M7,M7,C1G1M1
bln_407697adb499ee7c,M7-C0G1M0-seed-0007-attempt-1,M7,M7,C0G1M0
bln_9c45b6a115e47aa0,M7-C1G0M0-seed-0007-attempt-1,M7,M7,C1G0M0
bln_abbb2ea66b5164d9,M7-C0G0M0-seed-0007-attempt-1,M7,M7,C0G0M0
bln_392234ea36205ea4,M7-C0G1M1-seed-0007-attempt-1,M7,M7,C0G1M1
bln_f63edbba167a61a8,M7-C0G0M1-seed-0007-attempt-1,M7,M7,C0G0M1
bln_02757e879cb0aed4,M7-C1G0M1-seed-0007-attempt-1,M7,M7,C1G0M1
bln_31640df9ac96f504,M8-C1G0M1-seed-0008-attempt-1,M8,M8,C1G0M1
bln_52253880fdc3776c,M8-C0G0M0-seed-0008-attempt-1,M8,M8,C0G0M0
bln_7af5cb0875900a60,M8-C1G1M0-seed-0008-attempt-1,M8,M8,C1G1M0
bln_fa9c25e6b8007a28,M8-C1G0M0-seed-0008-attempt-1,M8,M8,C1G0M0
bln_2af6c2044d585611,M8-C0G0M1-seed-0008-attempt-1,M8,M8,C0G0M1
bln_43eb65d6f007e340,M8-C1G1M1-seed-0008-attempt-1,M8,M8,C1G1M1
bln_45ed660ae152f487,M8-C0G1M0-seed-0008-attempt-1,M8,M8,C0G1M0
bln_60c30acecfd3f4af,M8-C0G1M1-seed-0008-attempt-1,M8,M8,C0G1M1
bln_cc102ce866b0c5ef,M9-C0G1M1-seed-0009-attempt-1,M9,M9,C0G1M1
bln_f8453b602c748b0b,M9-C1G1M0-seed-0009-attempt-1,M9,M9,C1G1M0
bln_375f5d00e0cff332,M9-C0G0M0-seed-0009-attempt-1,M9,M9,C0G0M0
bln_31a0aebf3ffab5f2,M9-C0G0M1-seed-0009-attempt-1,M9,M9,C0G0M1
bln_6306de1887ae568d,M9-C1G0M1-seed-0009-attempt-1,M9,M9,C1G0M1
bln_4b9baf7d3fcece8e,M9-C0G1M0-seed-0009-attempt-1,M9,M9,C0G1M0
bln_c32740364057ecb3,M9-C1G0M0-seed-0009-attempt-1,M9,M9,C1G0M0
bln_ffc4e8b8dcbf060a,M9-C1G1M1-seed-0009-attempt-1,M9,M9,C1G1M1
